Avery,Martin,avery.martin@yahoo.com
Alyssa,Alexander,alyssa.alexander@lycos.com
Avery,Brooks,avery.brooks@lycos.com
Aria,Hudson,aria.hudson@yahoo.com
Alyssa,Watson,alyssa.watson@yahoo.com
Ariana,Foster,ariana.foster@yahoo.com
Amelia,Robertson,amelia.robertson@gmail.com
Aubrey,Mitchell,aubrey.mitchell@hotmail.com
Anna,Robinson,anna.robinson@gmail.com
Alexandra,Marshall,alexandra.marshall@yahoo.com
Aubrey,Wood,aubrey.wood@hotmail.com
Aubrey,Marshall,aubrey.marshall@yahoo.com
Alexandra,Hamilton,alexandra.hamilton@yahoo.com
Autumn,White,autumn.white@hotmail.com
Alexandra,Gibson,alexandra.gibson@gmail.com
Aria,Hernandez,aria.hernandez@yahoo.com
Allison,West,allison.west@yahoo.com
